id;naziv;regija;opis;url;pogostitev;prenočišče;vstopnina;zaOtroke;urlSlike
1;Pomurski muzej Murska Sobota;Pomurska;Pomurski muzej Murska Sobota je eden izmed pokrajinskih muzejev v Sloveniji. Nahaja v renesančnem gradu sredi mestnega parka in obiskovalce seznanja z življenjem v pokrajini ob Muri od prazgodovine do danes. Organizira tudi poučne delavnice za otroke.;http://www.pomurski-muzej.si/;Ne;Ne;Da;Da;https://www.tremel.si/media/topics-pictures/zoom/grad_murska_sobota.jpg
2;Evangeličanska Cerkev v Murski Soboti;Pomurska;Evangeličanska Cerkev v Murski Soboti stoji v mestnem jedru, v parkovni osi drevoreda Martina Luthra, zaradi česar je pogled nanjo več kot veličasten. Opečno zunanjost cerkve krasijo trije pročelni stolpi, njena notranjost pa očara s poslikavami in okensko rozeto nad glavnim vhodom. Obisk vas bo popeljal v zgodovino 16. stoletja, posebno doživetje pa so glasbeni koncerti, ki v evangeličanski cerkvi v Murski Soboti niso redkost.;https://www.evangelicanska-cerkev.si/;Ne;Ne;Ne;Ne;https://www.prlekija-on.net/uploaded/2016_07/evangelicanska-cerkev-v-murski-soboti_22034014095.jpg
3;Paviljon Expano;Pomurska;Edinstveno doživetje Pomurja ponuja doživljajski park Expano ob Soboškem jezeru. Z inovativno tehnologijo predstavlja vse lepote in dobrote Pomurja. Razstava na atraktiven način s pomočjo virtualne resničnosti pričara izkušnjo dežele ob Muri. Ob paviljonu se lahko umirite in uživate ob jezeru ali pa se razgibate v gibalnem parku.;https://www.expano.si/;Da;Ne;Da;Ne;https://www.dnevnik.si/i/orig/2019/04/14/1175448.jpg
4;Babičev mlin na reki Muri ;Pomurska;Babičev mlin na reki Muri je kombiniran plavajoči mlin in edini tovrstni objekt v Sloveniji, ki deluje še danes. Mletje žit v starem slogu nam ponuja vpogled v pretekla obdobja. Prav tako lahko na babičevem mlinu kupimo moko, ki za razliko od trgovinskih blagovnih znamk ni mešana z ostalimi.;https://visitpomurje.eu/sl/ponudniki/babicev-mlin-na-reki-muri-v-verzeju/;Ne;Ne;Da;Ne;https://visitpomurje.eu/wp-content/uploads/2019/09/Babi%C4%8Dev-mlin-1-650x433.jpg
5;Terme 3000;Pomurska;Pustite skrbi daleč za sabo in se potopite v vrelce črne termomineralne vode v hotelskih bazenih ali ogromnem vodnem parku. Zaupajte svoje udobje izkušenim medico-wellness strokovnjakom, podajte se na popotovanje okusov skozi lokalno kulinariko ali pustite svojem pogledu počivati na prekmurskih livadah golf igrišča. Čar Prekmurja v Termah 3000 – Moravske Toplice začutite z vsemi čuti!;https://www.sava-hotels-resorts.com/si/terme-3000-moravske-toplice;Da;Da;Da;Da;https://www.palma.si/wp-content/uploads/2021/03/Panorama_Water-park_T3000_Foto-DD_07-17.jpg
6;Lončarska vas;Pomurska;Lončarska vas je muzej na prostem v Filovcih v Prekmurju. Za obiskovalce imajo pripravljene ustvarjalne in kulinarične vsebine, ki približajo značilnosti gline in keramike ter prekmurske kulinarike. Po lastni želji si obiskovalci lahko pobarvajo pripravljene keramične produkte, se posvetijo kulinaričnim priboljškom ali pa se sami lotijo priprave bograča, ki ga vodi izkušeni kuharski mojster. Muzej dodatno hrani dva kulturna spomenika - panonski cimprači, ki predstavljata poslednje pristne primere tovrstne gradnje v Pomurju. ;https://loncarska-vas.com/;Da;Ne;Da;Ne;https://scontent-vie1-1.xx.fbcdn.net/v/t1.6435-9/193214638_1919511684892712_1923912771671331088_n.jpg?stp=dst-jpg_s960x960&_nc_cat=100&ccb=1-5&_nc_sid=e3f864&_nc_ohc=6uucved4LbAAX8H2pLT&_nc_ht=scontent-vie1-1.xx&oh=00_AT8g35-xknoW0AwKsbE77h1pNjFgKGt8exhYQqB67xuoAg&oe=6256367E
7;Vinarium Lendava;Pomurska;Razgledni stolp Vinarium Lendava je stolp okrogle oblike, visok 53,50 metra, zgrajen na griču v Lendavskih goricah. Z vrha pogled seže na pokrajino štirih držav: Slovenijo, Madžarsko, Hrvaško in Avstrijo. V pritličnem delu je za obiskovalce na voljo tudi gostinski lokal, vključno s spominki in informativno točko.;https://vinarium-lendava.si/sl/;Da;Ne;Da;Ne;http://vinarium-lendava.si/wp-content/uploads/2015/08/mediaspeed-11.jpg
8;Kmetija Mali Raj;Pomurska;Na obrobju krajinskega parka Goričko leži Kmetija Mali Raj. Na njej se danes pase več kot 160 različnih domačih živali, poleg ovc, koz in osla imajo tudi alpake, ki so v Sloveniji prava redkost. Tisti, ki se radi preizkusite v kmečkih opravilih lahko pomagate pri molzenju kozic, vaši otroci pa se lahko pozabavajo s hranjenjem živali.  Ponujajo tudi pogostitev z dobrotami iz Prekmurja ali degustacijo domačih kozjih sirov iz lastne proizvodnje. Za tiste, ki pa bi z njimi želeli preživeti več dni, imajo na volje tudi sobe in apartmaje.;https://www.kmetija-mali-raj.si/;Da;Da;Da;Da;https://images.viaslovenia.com/17674/tourist-farm-mali-raj_5-xlarge.jpg
9;Terme Banovci;Pomurska;Terme Banovci slovijo po svojih animacijskih programih, ki iz družinskih počitnic ustvarjajo nepozabne spomine. Termalno morje je v Banovcih prav zares naslednik morja – nekdanjega panonskega morja! Spustite se vanj po toboganih in zaplavajte v rekreativnem ali termalnih bazenih!;https://www.terme-banovci.si/sl/;Da;Da;Da;Da;https://www.prlekija-on.net/uploaded/terme-banovci_2501555800.jpg
10;Otok Ljubezni;Pomurska;Reka Mura se je skozi stoletja ob svojem koritu poigrala z naravo in ustvarila naravni otok, ki so ga domačini poimenovali Otok ljubezni. Legenda pravi, da je to kraj zaljubljencev, sicer pa boste na njem doživeli prav posebne dogodivščine, bodisi na vožnji z brodom čez Muro bodisi na tradicionalni avgustovski prireditvi Büjraških dnevih. Na Otoku ljubezni si lahko ogledate Büjraški muzej, plavajoči mlin na Muri v Ižakovcih ali pa se sprehodite ob rečnem bregu med topoli in tulipanovci. Danes vam na otoku pripravijo tudi »pajani« kruh, ki se odlično prileže po spustu po Muri. Otok ima namreč tudi privez za rafte in je tako vmesna ali končna postojanka za tiste, ki si zaželite rečnega wellnessa.;https://visitpomurje.eu/sl/ponudniki/otok-ljubezni-izakovci/;Da;Ne;Da;Ne;https://www.pomurec.com/data/galerija/20/06/67212f496cf4aba3a4107d8a2b5c5e886fcbab85/31591884391IMG_20200611_111037.jpg
11;Avtolom;Podravska;Avtolom je edinstvena aktivnost, prvič  v Sloveniji. Sprostite svojo jezo in se zabavajte ob enem. Zberite vso svojo uničevalno moč in razbijajte do onemoglosti! Na voljo vam je zajeten arzenal uničevalnega orodja. Seveda pa poskrbimo za nujno potrebno zaščitno opremo! Spodbudite se lahko z glasbo po svoji izbiri, jezo pa pogasite na koncu s pijačo.;https://avtolom.si/;Ne;Ne;Da;Ne;https://content.selectbox.si/uploads/2021/09/avtolom_HD_12-1-1024x576.jpg
12;Zipline Sončni raj;Podravska;Na posestvu Sončni raj imajo postavljen najdaljši dvosmerni zipline v Sloveniji, kar pomeni, da se udeleženci z dvema vožnjama vrnejo na izhodiščno lokacijo. Jeklenici, ki sta speljani v gozd se med seboj križata in na tak način popestrita adrenalinsko izkušnjo. ;https://posestvosoncniraj.si/zipline-maribor-otroci-odrasli/;Ne;Ne;Da;Ne;https://posestvosoncniraj.si/wp-content/uploads/2019/02/zipline-maribor-za-otroke-posestvo-soncni-raj-1160x653.jpg
13;Pot med krošnjami;Podravska;Pot med krošnjami je najnovejša atrakcija v Sloveniji, objekt se nahaja na Rogli na 1517 metrih višine. Sprehajamo se 20 metrov visoko nad tlemi in vseskozi občudujemo spiralno zavit in arhitekturno čudovit stolp, ki nas dvigne na 37 metrov nad tlemi. Verjetno ga ni junaka, ki ne bi naredil oh in ah ob čudovitem razgledu, ter za domov posnel vsaj 20 slik na telefonu.;https://www.potmedkrosnjamipohorje.si/?gclid=CjwKCAiA-9uNBhBTEiwAN3IlNJ_UjRiE4cfyGO6Kr29a3nhJHCNzRhiEyemTK6QvbysJihvF6k3DVxoCyp8QAvD_BwE;Ne;Ne;Da;Ne;https://www.rogla.eu/si/imagelib/magnify/zrece_rogla/Pot%20med%20kro%c5%a1njami/Rogla_Pot%20med%20kro%c5%a1njami_3_web.jpg
14;Lovrenška jezera;Podravska;Lovrenška jezera se nahajajo na visokem barju sredi Pohorja med Roglo in Ribniškim Pohorjem. Manjša jezerca, ki dobivajo vodo le s padavinami, obdaja rušje. Jezerca si lahko ogledamo po z lesom tlakovani stezici, ki nam omogoča, da hodimo po suhem in ne po močvirju. Na začetku barja pa je razgledni stolp, ki nam omogoča pogled po Lovrenških jezerih. ;https://www.rogla-pohorje.si/sl/razisci/2019090313232052/lovrenska-jezera/;Ne;Ne;Ne;Ne;https://aktivni.metropolitan.si/media/cache/upload/Photo/2016/10/10/ja41_71_rekreacija_jezera_1_sh_coverlarge.jpg
15;Stari grad Celje;Savinjska;Romantičen, zapeljiv, mogočen, temačen, strašljiv, celjski ... Vse to je Stari grad Celje. Predstavlja obvezno destinacijo za vse obiskovalce Celja ne glede na to, od kod prihajajo. Mogočni grad z obzidjem, ki že stoletja vlada na griču nad mestom, vas bo že od daleč pustil brez besed. Ko ga boste obiskali, vam bo v spominu ostal za vedno.;https://www.visitcelje.eu/sl/izdelek/ogledi-starega-gradu-celje/;Ne;Ne;Da;Ne;https://www.celje.si/sites/default/files/styles/photo_gallery/public/cards_gallery/stari_grad_5.jpg?itok=R-0SDtM8
16;Celjska koča;Savinjska;Sodobno zasnovan hotel, opremljen z modernim wellnesom in veliko hotelsko restavracijo, ima svoje postore v veliki leseni koči v objemu gora. Pozimi lahko gostje smučajo na urejenih pobočjih od Tolstega vrha proti vznožju, ki omogoča tudi nočno smuko,  za najmlajše pa v zimskem času obratuje tudi otroško smučišče z otroškim tekočim trakom. V ostalih letnih časih lahko gostje nabirajo nove moči s sprehodi po urejeni gozdni učni poti in njeni okolici. Prirejajo tudi kongrese, seminarje in poroke.;https://celjska-koca.si/;Da;Da;Da;Da;https://www.visitcelje.eu/wp-content/uploads/2019/09/02celjska_1.jpg
17;Lavender Hill Eco resort;Savinjska;Miren oddih v naravi omogoča magično posestvo Lavender Hill eco resort, kjer si boste zaželeli, da se čas ustavi. Obnovite si življensko energijo v objemu pristne narave. Občutite tišino, mir in doživite neskončne razglede. Umaknjeni od hitrega vsakdana se namestite v udobnih apartmajih izdelanih iz recikliranega lesa. Posestvo je opremljeno tudi z welnesom, zunanjim bazenom, prostorom za piknike, poroke in poslovna srečanja. Za najmlajše pa je na voljo tudi spoznavanje z domačimi živalmi.;https://lavenderhill.si/;Da;Da;Da;Da;https://lavenderhill.si/wp-content/uploads/2020/12/Poro%C4%8Dna-lokacija-Lavender-Hill-Skedenj-10-710x375.jpeg
18;Mozirski gaj;Savinjska;Mozirski gaj je park cvetja in etnografski muzej na prostem. Od aprila do oktobra se tam vrstijo razstave cvetja in tematski vrtovi. V zimskem lasu pa potema Božična bajka Slovenije. Park takrat okrasijo z več kot milijoni lučk.;https://mozirskigaj.com/;Da;Ne;Da;Ne;https://brezovir.si/wp-content/uploads/2021/01/01_Brez-ovir_Mozirski-gaj_naslovna-02.jpg
19;Velenjsko jezero;Savinjska;Velenjsko jezero in Velenjska plaža je naravno kopališče v Šaleški dolini. Sprostitev vam zagotavljajo čista voda, prijazni lokali, brezplačna uporaba ležalnikov in urejenih lesenih površin. Za rekreacijo poskrbijo najrazličnejši vodni športi, posebej priljubljeno je supanje, srfanje in jadranje z jadrnicami ter igrišča za tenis, odbojko na mivki, mini golf in vadbišče za golf. Za tiste, ki se radi prepustijo ugodju je na voljo vožnja s pletrco in električno ladjico, ki vas popeljeta po Velenjskem jezeru, od koder imate lep pogled na okoliške hribe. ;https://www.visitsaleska.si/sl/saleska-valley/skok-v-velenjsko-jezero/;Da;Ne;Ne;Da;https://kzv.s3.eu-central-1.amazonaws.com/9119/conversions/6170078071904-medium.jpg
20;Velenjski grad;Savinjska;Če bi zaprli oči in si v mislih skušali pričarati pravljični grad, podoba, ki bi nastala za vekami, prav gotovo ne bi bila daleč od podobe gradu Velenje, ki nas pozdravi ob vstopu v Velenje na položnem griču. Danes je grad popolnoma obnovljen. V prostorih gradu se nahajajo stalne zbirke Muzeja Velenje. V prostorih nekdanje konjušnice hranijo ostanke mastodonta, najdene v neposredni bližini Velenja, v grajski kapeli pa zbirko baročne umetnosti iz porušene cerkve sv. Jurija v Škalah. Ena od sob je namenjena priložnostnim razstavam.;https://muzej-velenje.si/;Ne;Ne;Da;Ne;https://upload.wikimedia.org/wikipedia/commons/d/d9/Velenjski_grad_poleti.jpg
21;Muzej premogovništva Slovenije;Savinjska;Muzej je nastal na podlagi dela številnih generacij slovenskih rudarjev in želi zgodbo o slovenskem premogovništvu približati čim večjemu številu obiskovalcev, ne glede na starostne, gibalne, jezikovne ali kakršne koli druge omejitve. V delovanju muzeja so ohranjene stare rudarske vrednote – tovarištvo, solidarnost in pomoč, ki pomenijo tudi odnos do obiskovalcev in poslovnih partnerjev. Rudarski pozdrav “SREČNO” je iskrena želja za prihodnost vseh nas.;http://muzej.rlv.si/si/;Ne;Ne;Da;Ne;https://www.visitsaleska.si/app/uploads/2019/08/Muzej-premogovnistva-Slovenije-2739-izrez-visitsaleska-1024x1024.jpg
22;Jama Pekel;Savinjska;Jama Pekel je kraška jama, stara več kot 3 milijone let in ima bogato zgodovino. Leži sredi Ponikvanskega krasa, dobre 4 km severno od Šempetra v Savinjski dolini. Je ena največjih za turiste urejenih kraških jam na Štajerskem. Jamo je izdolbel tok potoka Ponikvica, ki pred jamo ponikne, iz nje pa priteče z imenom Peklenščica. 1159 metrov dolga pot po jami je lahkotno speljana in lepo vzdrževana.;https://td-sempeter.si/narava/jama-pekel/;Ne;Ne;Da;Ne;https://grof.eu/sites/default/files/cocoon/jama-pekel.jpg
23;Krajinski park Logarska dolina;Savinjska;Krajinski park Logarska dolina je del destinacije Logarska dolina – Solčavsko, v kateri najdemo 43 naravnih vrednot, današnjo slikovito podobo pa je ustvaril ledenik v zadnji ledeni dobi. Privlačnost Logarske doline odseva v prvobitnosti okolja ter v številnih naravnih zanimivostih, ki privabljajo ljubitelje narave. Svoj pečat so prostoru vtisnile tudi kmetije, ki so skozi stoletja ustvarjale kulturno krajino. Zaradi čudovite lege predstavlja odlično izhodišče za številne atraktivne izlete na vrhove Kamniško-Savinjskih Alp.;https://www.logarska-dolina.si/slo;Da;Ne;Da;Ne;https://www.logarska-solcavsko.si/wp-content/uploads/elementor/thumbs/Logarska-dolina-maj-2019-6_1200px-oe1lv09x8w731m1h6c08mvz8n32xjyiieiz32rmnxc.jpg
24;Fontana piva Žalec;Savinjska;Fontana piv je poklon hmeljarski dediščini Spodnje Savinjske doline in Žalca, ki je središče hmeljarstva v naši državi. Slovenija je tudi peta največja proizvajalka hmelja na svetu, hmelj pa je tista »začimba«, ki daje pivu okus in prepoznavno noto. Fontana piv je postavljena v mestni park, v središču mesta, ob tržnici. Osnova za arhitekturno zasnovo fontane je simbolna hmeljska kobula, ki se izraža v dveh polkrogih oz. dveh fontanah, eni pivski in drugi, vodni. Polkrogi so oblečeni v bakreno čipko, ki simbolizira peno na pivu.;https://www.beerfountain.eu/sl/;Da;Ne;Da;Ne;https://www.delo.si/media/images/20210428/931061.2e16d0ba.fill-800x450.jpg
25;Soba pobega: pobeg iz rudnika;Zasavska;Pobeg iz rudnika je zabavna in poučna izkušnja, ki pred obiskovalce postavi izziv reševanja rudarjev, ki jih je zasulo v jami. Preko vrste izzivov, ki so podprti z uporabo novomedijskih orodij (VR, hologrami, touch screen, projekcije), se morate prebiti do konca igre. Hkrati pa boste odkrivali rudarsko okolje, veščine in znanja, ki jih je rudnik terjal od rudarja.;https://www.visittrbovlje.si/dozivetja/pobeg-iz-rudnika-soba-pobega/;Ne;Ne;Da;Ne;https://inspiracija.eu/wp-content/uploads/2021/02/Trbovlje_2_escape-room.jpg
26;Rudnik Sitarjevec Litija;Zasavska;Rudnik Sitarjevec Litija je sodobni podzemni muzej, ki obiskovalcem ponuja vpogled v raznolikost geološke naravne dediščine, svet netopirjev, pajkov in gliv, v bogastvo rudarskega izročila in interpretacijo njegovega bogastva skozi oči umetnikov. Rudnik Sitarjevec je eno najbogatejših najdišč različnih mineralov v evropskem in svetovnem merilu. V njem se pojavlja več kot šestdeset različnih mineralov, med katerimi so najpomembnejši rudni minerali galenit, sfalerit, cinabarit, halkopirit in barit.;https://rudniksitarjevec.si/;Ne;Ne;Da;Ne;https://scontent-vie1-1.xx.fbcdn.net/v/t1.6435-9/136024300_1062931650841361_7926980338363952995_n.jpg?_nc_cat=101&ccb=1-5&_nc_sid=730e14&_nc_ohc=G2GUwhI3uWcAX-7qAOu&_nc_ht=scontent-vie1-1.xx&oh=00_AT-cu5oYv27R_sDxZuZswW90vJJTS9mIFhqdCkXb7X68UQ&oe=62561F32
27;Pustolovski park Geoss;Zasavska;V gozdu čisto blizu geometričnega središča Slovenije lahko otroci od 4. leta starosti dalje in odrasli plezajo po sedmih trasah različnih težavnostnih stopenj, se spuščajo po orjaškem spustu, prespijo v drevesnih krošnjah na platformi ali v viseči postelji in se razvajajo na Gozdni čutni poti. Dojenčki in otroci do 3. leta starosti pa medtem razvijajo svoje gibalne sposobnosti v čisto novi Gibalnici. ;https://www.pustolovski-park-geoss.si/;Ne;Ne;Da;Da;https://www.kamnaizlet.si/wp-content/uploads/2016/03/6904_5_Pustolovski-park-Geoss_1100x800-md.jpg
28;Oglarska dežela;Zasavska;V Oglarski deželi se je možno seznaniti z eno danes že skoraj izginulih starih obrti – oglarstvom. Veseli oglarji vam bodo z veseljem pokazali, kaj so se naučili od svojih dedov. Oglejte si, kako se na tradicionalen način pripravi kopa in pridobiva oglje. Edinstvena doživetja dediščine oglarjenja, kakršna težko najdete kje drugje!;https://dole.si/;Ne;Ne;Da;Ne;http://www.srce-slovenije.si/resources/files/pic/srce_slovenije_oglarska_dezela_Ii.jpg
29;Terme Čatež;Posavska;Terme Čatež so največje slovensko naravno zdravilišče. Rdečo nit razvoja in ponudbe predstavlja čateška termalna voda. Že več kot 220 let so blagodejni, zdravilni in nadvse prijetni termalni vrelci vir vodnih programov ter tudi vseh ostalih kreativnih načinov uporabe vode za celovito ponudbo, ki jo ustvarjajo in gradijo za počitnikovanje gostov vsega sveta -  365 dni v letu.;https://www.terme-catez.si/si/;Da;Da;Da;Da;https://cf.bstatic.com/xdata/images/hotel/max1024x768/223542108.jpg?k=96c0f751c3844514572d3c53211575e0547cd342ebf8401daf2f2a5abb361c9a&o=&hp=1
30;Turistična kmetija Zevnik;Posavska;Kmetija leži na Čatežu ob Savi, ob sotočju rek Krke in Save, pod obronki Gorjancev. Kmetijstvo je prepleteno s turizmom. Gostom ponujajo od prenočišč, jezdenja (šola jahanja, sprehodi za otroke, rojstni dnevi v družbi konj), izvajajo tudi turistične vožnje s kočijo. Za otroke organizirajo poletne tabore v naravi in še mnogo drugega.;http://www.kmetijazevnik.si/;Ne;Da;Da;Da;https://media-cdn.tripadvisor.com/media/photo-s/0a/fc/9e/65/turisticna-kmetija-zevnik.jpg
31;Grad Sevnica;Posavska;Grad Sevnica je osrednji kulturni, zgodovinski, politični in protokolarni objekt v občini Sevnica ter obenem središče kulturnega dogajanja. Ponuja edinstvena grajska doživetja za vse generacije. Poleg raznih vodenih ogledov omogoča za najmlajše lutkovne predstave in animacije, za malo starejše pa degustiranje modre frankinje kot najbolj kakovostne rdeče vinske sorte v vinorodni deželi Posavje. ;https://www.kstm.si/grad-sevnica.html;Ne;Ne;Da;Da;https://upload.wikimedia.org/wikipedia/commons/6/66/Sevnica_Castle_-_author_Tanja_Zibert.jpg
32;Grad Rajhenburg;Posavska;Grad Rajhenburg je kulturni spomenik srednjeveške grajske arhitekture na Slovenskem. Ob sprehodu skozi celostno prenovljeno grajsko stavbo spoznamo zgodovino delovanja menihov trapistov, usodo slovenskih izgnancev in čas, ko so na gradu delovale različne kazenske ustanove. Na muzejski razstavi pa so predstavljena tudi žlahtna odličja z olimpijskih iger in svetovnih prvenstev enega najboljših slovenskih atletov Primoža Kozmusa. Ob raznovrstnih dogodkih (koncerti, gledališke predstave, predavanja …) že leta poteka tudi Rajhenburški dan čokolade in likerjev. ;https://www.gradrajhenburg.si/;Ne;Ne;Da;Ne;https://www.visitkrsko.com/images/products/srednjeveski-dan-na-gradu-rajhenburg-511.JPG
33;Živalski park Na Jasi;Posavska;Živalski park Na Jasi omogoča vpogled v sožitje rastlin in živali. Na kmetiji prebivajo žerjavi, nanduji, črni labodi, afriško govedo, mini poniji, afriške pritlikave koze, različne vrste prašičev, ovc, osliček, pritlikavi zajčki in morski prašički, okrasna perutnina: purani, kokoši, gosi, race, pegatke, pav, golobi, papige, ribe koi krapi itd. ter seveda muce, ki na kmetiji ne smejo manjkati. Primerno za poučno - zabaven družinski izlet.;https://www.pension.si/kaj-videti/zivalski-park-na-jasi;Ne;Ne;Da;Da;https://posavje.com/wp-content/uploads/2019/07/%C5%BDivalski-park-Na-Jasi-Sela-1.jpg
34;Rudnik Mežica;Koroška;Rudnik svinca in cinka Mežica je eden izmed najstarejših rudnikov na območju Evrope, danes pa si lahko ogledamo zgodovino rudarjenja v Turističnem rudniku in muzeju Podzemlje Pece. S pravim rudarskim vlakom vas popeljemo v osrčje rudnika, kjer so predstavljeni načini rudarjenja in rudarska oprema, ki so jo rudarji uporabljali v različnih zgodovinskih obdobjih. Zanimiva posebnost rudnika je okoli 5 km dolga podzemna kolesarska pot, kjer obiskovalce izkušeni vodiči z gorskim kolesi popeljejo skozi rove, posebno doživetje pa predstavlja ogled rudnika s kajaki. ;https://www.podzemljepece.com/;Ne;Ne;Da;Ne;https://www.podzemljepece.com/UserFiles/Image/ogledrudnikaskajakom/Rudnik_Mezica_kajak_2013_22.jpg
35;Splavarjenje po reki Dravi;Koroška;Splavarjenje po reki Dravi je nepozabno doživetje. Na pravem tradicionalnem splavu boste spoznali kulturno dediščino splavarjev, doživeli nepozabno zabavo za vse generacije in enostavno uživali v splavarski vožnji. Izkušeni in nasmejani splavarji bodo poskrbeli za veselo vzdušje, da ne boste lačni in žejni in da vam bo Drava ostala v najlepšem spominu!;https://splavarjenje.com/sl/;Da;Ne;Da;Da;https://www.visitmaribor.si/media/3387/splav-na-dravi-maribor-pohorje-slovenija-slovenia-vid-ponikvar-3.jpg?anchor=center&mode=crop&width=640&height=360&quality=95
36;Green Resort Radlje ob Dravi;Koroška;Green Resort vodni park Radlje ob Dravi omogoča vse, kar v modernem svetu človek potrebuje, da se počuti povezanega s prvinsko naravo in s tem umiri tempo svojega življenja. V neposredni bližini naravnega kopališča so nameščene lesene in glamping hiške. V zeleni oazi zaplavajte med lokvanji v naravnem jezeru, osvežite se s sokom iz pomola in ujemite sonce na zeleni plaži.;https://www.greenresort.si/si/;Da;Da;Da;Ne;https://www.greenresort.si/images/galleries/glamping/unitegallery_thumbs/glamping-001_768x100000.jpg
37;Prežihova bajta;Koroška;Prežihova bajta je spominski muzej slovenskega pisatelja Lovra Kuharja - Prežihovega Voranca. Bajta je značilna predstavnica koroškega tipa hiše. Njena notranjost razporeditev je značilna za hiše s črno kuhinjo. Tik nad Prežihovo bajto stoji nad nekdanjim ajdovim strniščem mogočni bronasti Prežihov spomenik.;https://www.koroska.si/Raziskuj/Dediscina/Muzeji-in-zbirke/pre%c5%beihova-bajta;Ne;Ne;Da;Ne;https://thumbs.geago.si/data/RecordFieldThumbnail.ashx?ProfileID=Luizem@Luz&rid=13695@lay_images&size=1280,0&FieldID=Data&offsetField=ThumbnailOffset&centerOffset=0
38;Čolnarjenje po reki Kolpi;Jugovzhodna-Slovenija;Po reki Kolpi se lahko spustite z velikim raftom, mini raftom ali kajakom. Kolpa je zelo primerna za začetnike, kot tudi ob primernem vodostaju za adrenalinske odvisneže. Pri domačiji Skender poskrbijo za pogostitev, opremo, vodiče in prevoz, po dogovoru pa tudi druge športno družabne aktivnosti.;https://www.kolparaft.com/;Da;Ne;Da;Ne;https://www.kolpa-adventures.com/images/rafting_na_kolpi_52.jpg
39;Terme Šmarješke toplice;Jugovzhodna-Slovenija;V zavetju zelenih gozdov in travnikov, daleč stran od hitrega vsakdana najdete eno najsodobnejših slovenskih termalnih zdravilišč, Terme Šmarješke Toplice. Sprostitvi so namenjeni termalni bazeni s savnami in kopelmi, posebnost Šmarjeških Toplic pa sta tudi stari leseni bazen iz 18. st., ki leži nad izvirom termalne vode in v katerem lahko še vedno zaplavate, ter jezerce sredi zdraviliškega parka z rastiščem dragocenega indijskega lotosa. ;https://www.terme-krka.com/si/sl/smarjeske-toplice/;Da;Da;Da;Da;https://dynamic-media-cdn.tripadvisor.com/media/photo-o/04/3e/61/c8/terme-smarjeske-toplice.jpg?w=900&h=-1&s=1
40;Muzej Ribnica;Jugovzhodna-Slovenija;Muzej Ribnica beleži kolektivni spomin in ohranja kulturno dediščino Ribniške doline in njenega širšega zaledja. Muzej je osebna izkaznica lokalnega prebivalstva in sestavni del mozaika narodove samobitnosti. Predstavljena je najbolj prepoznavna domača obrt v slovenskem prostoru, suha roba in zaradi te obrti muzej lahko raziskuje svojevrsten način življenja, ki se odraža na različnih nivojih in v različnih obdobjih obstajanja ribniškega človeka.;https://www.muzej-ribnica.si/;Ne;Ne;Da;Ne;https://www.muzej-ribnica.si/wp-content/uploads/2019/03/3-Matev%C5%BE_Petrovi%C4%8D_IMG_20170613_074059_974-grad-zadnja-stran.jpg
41;Šokčev dvor;Jugovzhodna-Slovenija;Šokčev dvor je v muzej preoblikovana tradicionalna kmečka hiša, kjer v vsakem kotičku živi spomin na stare čase. Ohranjeni predmeti pričarajo duh nostalgije in krušna peč kar sama riše sliko družine, ki se je ob večerih grela ob njej. Ljubitelji starih običajev lahko doživite prikaz tučnje lanu, pisanja pisanic, filcanja volne, vezenja, spletanja košar in opletanja steklenic.;https://www.belakrajina.si/sl/obiscite/umetnost-in-kultura/muzeji-in-galerije/sokcev-dvor/;Ne;Ne;Da;Ne;https://www.belakrajina.si/site/assets/files/2390/sokcev_dvor8.1920x0.jpg
42;ZOO Ranč Aladin;Jugovzhodna-Slovenija;Na ranču Aladin lahko vidite več kot 60 živali. Raznolikost živalskih vrst povečujejo vsako leto. Za zabavo malčkov je več kot poskrbljeno. Tu so velika igrala-tobogani, plezala, stolp, trampolin, lokostrelstvo, fonzijev rudnik diamantov, streljanje z mehkimi žogicami, met žogic, letno sankališče, met na koš in še in še..;https://www.kamela.si/;Ne;Ne;Da;Da;https://kamzmulcem.si/wp-content/uploads/2017/08/IMG_2038-e1504467431732.jpg
43;Živalski vrt Ljubljana;Osrednjeslovenska;V živalskem vrtu v Ljubljani so zbrane živalske vrste z vseh kontinentov. Njegova posebnost je, da si obiskovalci, predvsem otroci, v okviru delavnic, lahko privoščijo telo neposreden stik z živalmi. Sodelujete lahko pri hranjenju živali, se udeležite nočnega ogleda živalskega vrsta ali postanete oskrbnik za en dan.;https://www.zoo.si/;Da;Ne;Da;Da;https://www.zoo.si/files/background/94/picture/original/_75A4132%20(1).jpg
44;Učna pot Divji potok;Jugovzhodna-Slovenija;Kadar ste v Beli Krajini, naj vam ta izlet ne uide. Krožna Učna pot Divji potok  jeskoraj 3 kilometre dolga krožna pot, ki vas popelje ob strugi slikovitega Divjega potoka, ki je ustvaril zelo razgibano in slikovito strugo, polno slapičev, tolmunov in brzic. Ob poti se otroci lahko zamotijo z raznimi didaktičnimi igrali, iščejo živali, ki živijo ob vodi in štejejo prelepe manjše slapove. ;https://www.druzinski-izleti.si/regije/jugovzhodna-slovenija/ucna-pot-divji-potok.html;Ne;Ne;Ne;Ne;https://www.druzinski-izleti.si/images/artikli/big/000002/20191101_155418.jpg
45;Izvir reke Krupe;Jugovzhodna-Slovenija;Izvir reke Krupe je ena najbolj obiskanih točk v Beli krajini. Apnenčasta stena, izpod katere izvira Krupa, je visoka skoraj 30 metrov. Na tem območju lahko poleg človeške ribice najdemo tudi edino slovensko nahajališče jamske školjke kuščerjeve kongerije. Ob Krupi živi tudi želva sklednica. V Sloveniji je poznana kot edina avtohtona želva celinskih voda. Vse to obilje življenja se vam razkrije, če tukaj vsaj za trenutek upočasnite svoj korak.  Odpočijte svoja čutila ob zvokih narave, ki imajo dokazano zdravilno moč, saj umirjajo nemirne misli …;https://www.kc-semic.si/tic/izvir-reke-krupe/;Ne;Ne;Ne;Ne;https://vnaravi.si/images/phocagallery/admin7-gorenjska-cd19/thumbs/phoca_thumb_l_izvir-krupe.jpg
46;Velika planina;Osrednjeslovenska;Velika planina je največja visokogorska pašna planina v Sloveniji. Na njej so pastirji zgradili več pastirskih naselij s preko sto pastirskimi kočami posebne oblike. Mehke zelene trate med vrtačami in kotliči so dale idealne pogoje za letno pašo govedi. V zimskih časih pa je Velika planina na voljo za vse ljubitelje smučanja in drugih zimskih športov.;http://www.velikaplanina.si/;Da;Da;Ne;Ne;https://www.slovenia.info/uploads/znamenitosti/velika_planina_hiking.jpg?1480414051280
47;Županova jama;Osrednjeslovenska;Županova jama  vabi v razkošje podzemeljskega sveta, ki ga je skozi tisočletja ustvarjala kraška voda. Obsega šest dvoran in vsebuje vse značilne podzemne kraške posebnosti kot so brezna, rovi, dvorane, kapniki vseh vrst, sigaste ponve ter pozimi tudi ledene kapnike. Skozi celo leto so na voljo vodeni ogledi.;https://zupanovajama.si/;Ne;Ne;Da;Ne;https://www.visitljubljana.com/assets/Central-Slovenia-landing/10-znamenitosti-regije/Zupanova-jama-cave-photo-jaka-ivancic.jpg
48;Samostan Stična;Osrednjeslovenska;Cistercijanski samostan v Stični sodi med najpomembnejše zgodovinske spomenike v Sloveniji. V njem so nastali tudi znameniti Stiški rokopisi. V njem še danes bivajo menihi, deluje pa tudi slovenski verski muzej. V okviru obiska muzeja si je mogoče ogledati tudi dele samostana, ki so odprti za javnost ter samostansko baziliko z znamenitim baročnim oltarjem in freskami. V Stični se vsako leto odvija tudi tradicionalni umetniški Festival Stična.;https://www.sticna.eu/;Ne;Ne;Da;Ne;https://wp.si.aleteia.org/wp-content/uploads/sites/3/2018/01/86ln9a-e1516181262149.jpg?quality=100&strip=all&w=620&h=310&crop=1
49;Iški vintgar;Osrednjeslovenska;Iški vintgar je slikovita soteska, po kateri teče reka Iška. Njeno zanimivo podobo z deročo rečico, prodnimi sipinami, številnimi tolmuni in strmimi skalnatimi bregovi, ki ji ponekod dajejo videz pravega kanjona, so oblikovali močni tektonski prelomi.Ob sprehodu po soteski si je mogoče ogledati številne zanimive kamnine, ki pričajo o razgibani geološki zgodovini področja. K njenemu slikovitemu videzu pripomore tudi rastlinstvo, drevje, ki se s koreninami oprijema strmin, ter številne alpske rastline, kot so čvrst šaš, rododendron, dvocvetna vijolica, kranjski jeglič in kronice.;https://www.visitljubljana.com/sl/poi/iski-vintgar/;Ne;Ne;Ne;Ne;https://www.visitljubljana.com/assets/POI/str-12-nomad2000okno-iki-vintgar.jpg
50;Koseški bajer;Osrednjeslovenska;Koseški bajer je umetno jezero, ki je nastalo na nekdanjem izkopu gline. Okrog njega je urejena sprehajalna pot s klopmi ter nekaj lesenimi ploščadmi in razglednimi pomoli. Na Koseškem bajerju je mogoč ribolov, potekajo pa tudi tekmovanja ladijskih modelarjev. Kadar pozimi zamrzne, je bajer priljubljeno naravno drsališče.;https://www.visitljubljana.com/sl/poi/koseski-bajer/;Da;Ne;Ne;Ne;https://www.ljubljana.si/assets/Uploads/_resampled/FillWyIxMjAwIiwiNjIwIl0/180724-obnova-pomola-arhiv-JP-Snaga-2.jpg
51;Zbiljsko jezero;Osrednjeslovenska;Zbiljsko jezero je umetno akumulacijsko jezero na reki Savi pri Zbiljah. V Zbiljah lahko najdemo izposojevalnico kanujev in čolnov ter bar, kjer se lahko posončite na ležalnikih. Ob jezeru lahko najdemo še zelo lepo urejeno igrišče za otroke, igrišče za odbojko in prostor za piknike.;https://www.visitmedvode.si/kaj-videti/zbiljsko-jezero;Da;Ne;Ne;Ne;https://www.visitljubljana.com/assets/POI/Zbiljsko-jezero/zbilje-web.jpg
52;Šmarna gora;Osrednjeslovenska;"Kdor si želi v Ljubljani počutiti kot Ljubljančan, naj se vzpne na Šmarno goro! Ta najbolj priljubljen pohodni cilj na robu prestolnice je ob lepih dneh, še zlasti ob koncih tedna, pravi družabni oder. Tudi (ali predvsem) zavoljo vrhunskega razgleda in odlične domače gostilne na vrhu. Na njem si, še zlasti v jasnem vremenu, splača vzeti čas za uživanje v zavetju romarske cerkve in v razgledu na Ljubljano s Savo in okoliške hribe ter Alpe. Pa tudi za malico ali kosilo iz gostilne Ledinek, kjer strežejo tradicionalne slovenske jedi. Pod cerkvijo so igrala za otroke in fitnes na prostem, preden sestopimo, pa lahko pozvonimo za srečo – malce pod vrhom je zvonček sv. Antona, ""zvonček želja"".";https://www.smarnagora.com/;Da;Ne;Ne;Ne;https://wp.si.aleteia.org/wp-content/uploads/sites/3/2019/05/1200px-c5a0marna_gora_34142839586-e1558084996553.jpg
53;Grad bistra: tehniški muzej Slovenije;Osrednjeslovenska;V nekdanjem samostanu oz. grajskem poslopju v slikovitem okolju s parkom, ribnikom in gozdno učno potjo, domuje Tehniški muzej Slovenije. Opremljen je z obsežnimi muzejskimi zbirkami in predstavitvami tehnične dediščine. Ena izmed zelo popularnih stalnih zbirk je zbirka limuzin nekdanjega predsednika Josipa Broza Tita.;https://www.tms.si/;Ne;Ne;Da;Ne;https://www.visitljubljana.com/assets/Central-Slovenia-landing/Vrhnika/Bistra-Castle-Photo-jost-gantar.jpg
54;Park Tivoli;Osrednjeslovenska;Tivoli je največji in najlepši ljubljanski park, ki sega v samo središče mesta. Njegovo ureditev s posameznimi cvetličnimi parterji in zanimivimi drevesi dopolnjujejo številni kipi in več fontan. Območje parka se z vrsto sprehajalnih poti in trim stezo, ob kateri so postavljene naprave za vadbo na prostem, nadaljuje v pobočje Rožnika. ;https://www.visitljubljana.com/sl/poi/park-tivoli/;Da;Ne;Ne;Ne;https://dynamic-media-cdn.tripadvisor.com/media/photo-o/07/81/82/61/tivoli-park.jpg?w=1200&h=-1&s=1
55;Ljubljanski grad;Osrednjeslovenska;Na zelenem griču sredi mesta je za starodavnim obzidjem bogat svet zgodovinskih, kulturnih in še drugače zabavnih vsebin. Vsakič ko si zaželite biti bližje soncu oziroma kadar potrebujete drugačen pogled na svet, hrano za dušo ali okusen obrok, je pravi trenutek, da se povzpnete na Ljubljanski grad.;https://www.ljubljanskigrad.si/sl/;Da;Ne;Ne;Da;https://www.visitljubljana.com/assets/POI/Ljubljanski-grad/ljubljana-castle-1.jpg
56;Arboretum Volčji Potok;Osrednjeslovenska;Arboretum Volčji Potok sodi med najpomembnejšo vrtno arhitekturno dediščino v Sloveniji. Biser slovenske vrtne kulture se razteza ob potokih in livadah južno od mesta Kamnik. Obiskovalce navdušujejo tudi številne druge razstave, med drugim so na ogled orhideje, kaktusi in tropski metulji. Veliko otroško igrišče v parku je pravi raj za otroke, ki se lahko zabavajo na trampolinu, toboganih, plezalni steni in drči, starši pa jih med tem lahko brezskrbno opazujete s klopi. Družine boste vesele tudi posebne razstave dinozavrov in kitov v naravni velikosti.;https://www.arboretum.si/;Ne;Ne;Da;Da;https://www.terme-snovik.si/media/SlikeIT/Novice/Thumbs/F004448-arboretum_primoz_hieng_orig_jpg-photo-l_r.jpg
57;Blejsko jezero;Gorenjska;Blejsko jezero in njegova okolica vabita k nepozabnim doživetjem. Zapeljite se do Blejskega otoka s tradicionalnimi pletnami in se po 99 stopnicah povzpnite do cerkve Matere Božje na jezeru. Vdihnite, zamižite, si nekaj zaželite in pozvonite na zvon želja. Poleti se osvežite v urejenih kopališčih ob Blejskem jezeru, na različnih koncih ob obali si izposodite čoln in zaveslajte po jezerski gladini. Po Savi Dolinki in Savi Bohinjki se spustite z raftom ali kajakom. Blejsko jezero in okoliške reke so tudi odlična destinacija za ribolov. Pozimi, če jezero zamrzne se lahko (na njem drsate ali se sprehodite do otoka.;https://www.slovenia.info/sl/destinacije/regije/alpska-slovenija/bled;Da;Da;Ne;Ne;https://lucina-potepanja.com/wp-content/uploads/2020/05/DJI_0706-01-1.jpeg
59;Soteska Vintgar;Gorenjska;Soteska Vintgar je 1600 m dolga in do 250 m globoka soteska na vzhodnem robu Triglavskega narodnega parka, 4 km severozahodno od središča Bleda. Izoblikovala jo je gorska reka Radovna, ki se kmalu po izhodu iz soteske kot desni pritok izliva v Savo Dolinko. Povirje Radovne je v dolinah Krmi in Kotu v Triglavskem pogorju, vode pa zbira tudi s severnega dela Pokljuke in z Mežakle. ;https://vintgar.si/;Ne;Ne;Da;Ne;https://vintgar.si/wp-content/uploads/2021/10/Vintgar-67-scaled.webp
60;Jezero Jasna;Gorenjska;Jezero Jasna je kraj, kjer si lahko odpočijemo telo in duha in uredimo svoje misli. Ta prelepi biser, obdan z vrhovi Julijskih gora, vas bo pomiril in hkrati napolnil z novo energijo. Voda v jezeru Jasna je kristalno čista. Jezero je eden najlepših zakladov Slovenije in se nahaja v neposredni bližini Kranjske Gore. Okrog jezera je pot lepo urejena, obiskovalcem je na voljo tudi manjša knjižnica na prostem. Naši najmlajši bodo navdušeni nad mlinskim kolesom, lesenimi skulpturami in račkami v Jasni ter opazovalnico, ki jo najdete tik ob jezeru. ;https://www.druzinski-izleti.si/regije/gorenjska/jezero-jasna-kranjska-gora.html;Da;Ne;Ne;Ne;https://www.tomazgorec.si/wp-content/uploads/2020/07/lakejasna.jpg
61;RTC Krvavec;Gorenjska;Krvavec je eno najpopularnejših slovenskih smučišč in gorskih rekreacijskih centrov. Na vrh Krvavca se pripeljete s kabinsko žičnico, ki obratuje v vseh letnih časih. V poletnih časi pa obratuje Poletni park na Krvavcu, ki obsega pustolovski park v krošnjah dreves in aktivnosti kot so spust s tubo, gorskimi go-karti, skiroji in kolesi, trampolin, slackline, plezalni stolp, frizbi golf ter lokostrelstvo.;https://www.rtc-krvavec.si/;Da;Da;Da;Da;https://www.visitljubljana.com/assets/POI/RTC-Krvavec/RTC-Krvavec-photo-lztok-Medja-1.jpg
62;Bohinjsko jezero;Gorenjska;Bohinjsko jezero je največje stalno in naravno jezero v Sloveniji. Jezerski bregovi niso pozidani in ohranjajo naraven videz brez človeških posegov. Jezerska voda je izredno bistra in v poletnih mesecih primerna za plavanje in veslanje. Okolica Bohinjskega jezera poleg sprehodov in plavanja nudi številne športne aktivnosti. V Ribčevem Lazu, se nahaja cerkev sv. Janeza Krstnika in znameniti kamniti most. V tem delu si lahko v čolnarni izposodite čolne na vesla in na električni pogon ali se zapeljete z turistično ladjico okoli jezera. ;https://www.bohinj.si/znamenitosti/bohinjsko-jezero/;Da;Da;Ne;Ne;https://druzina.pismen.si/wp-content/uploads/2019/12/Bohinj_Saso_Kocevar.jpg
63;Kamp Šobec;Gorenjska;Kamp Šobec spada med največje slovenske kampe. Uvršča se v najvišjo kategorijo petih zvezdic in ima modro zastavo, ki je simbol visokega ekološkega standarda in dobre sanitarne urejenosti plaže. Odprt je od Velike noči do 30. septembra. Leži v borovem gozdu med reko Savo Dolinko in majhnim jezerom, ki se imenuje Šobčev bajer in je umetnega izvora. Gostje lahko igrajo odbojko na mivki, mali nogomet, badminton, namizni tenis ali preizkusijo manjšo plezalno steno. Zvečer potekajo animacije za otroke in odrasle. Kopališče ob bajerju ima lepo urejeno plažo. Kamp Šobec je odlična izhodiščna točka za ljubitelje pohodništva, alpinizma, gora, saj je v neposredni bližini Triglavskega narodnega parka. ;https://www.sobec.si/sl/;Da;Da;Da;Da;https://www.avtokampi.si/slika/kamp-sobec-lesce-1.jpg
64;Prešernova rojstna hiša;Gorenjska;Prešernova rojstna hiša je ena izmed najstarejših hiš v Vrbi. Prevladujejo stavbne značilnosti, ki jih v 19. stoletju srečamo tudi pri drugih domačijah v Vrbi in okolici. Prešernova rojstna hiša je bila leta 2011 razglašena za spomenik državnega pomena. Njen ogled omogoča: razstavo o Prešernovem življenju, delu in najpomembnejših literarnih mojstrovinah, ogled animiranega filma o Francetu Prešernu ter odkrivanje zanimivosti značilne kmečke hiše iz prve polovice 19. stoletja (lončena krušna peč, kamra, črna kuhinja).;https://visitzirovnica.si/presernova-rojstna-hisa-v-vrbi/?gclid=CjwKCAiA1JGRBhBSEiwAxXblwf-5xwKWVHr_7Z1qDsnl4rIEd9EKSX7G77iHCob7wv2FwogHjalcIhoCkQwQAvD_BwE;Ne;Ne;Da;Ne;https://upload.wikimedia.org/wikipedia/commons/c/c2/Presernova_hisa.JPG
65;Naravoslovna učna pot Pusti grad;Gorenjska;Naravoslovna učna pot Pusti grad se začne v Radovljici in se zaključi pri zadružnem domu na Lancovem. Učna pot je v celoti dolga približno 5 km (v eno smer) in nas vodi večinoma skozi gozd. Potreben čas za ogled poti je okoli dve uri. Predstavlja obuditev stare peš povezave med Radovljico in Kamno Gorico. Seznanja nas z delovanjem in lepotami gozda, rastlinskega in živalskega sveta ter bogati naše znanje in odnos do narave. Učna pot predstavi tudi kulturno krajino z zgodovinsko pomembnim kulturnim spomenikom Pustim gradom. Med potjo prečkamo tudi reko savo preko obnovljene Fuxove brvi, ki je včasih predstavljala najhitrejšo pot in pomembno povezavo iz Kamne Gorice v Radovljico. ;https://www.radolca.si/sl/aktivnosti/pohodnistvo/tematske-poti/naravoslovna-ucna-pot-pusti-grad;Ne;Ne;Ne;Ne;https://www.radolca.si/media/SlikeIT/Novice/Fuksova%20brv%20nad%20savo_r.jpg
66;Kekčeva dežela;Gorenjska;Se spominjate skrivnega rova, skozi katerega je Brincelj hodil nabirat zdravilna zelišča? Prav tistega, ki ga je Bedanc iskal pol svojega življenja? V Kekčevi deželi vam bodo pokazali rov, ki pelje v Kekčevo deželo. Kekec vam bo postregel s pastirsko malico, teta Pehta vam bo povedala nekaj skrivnosti o zdravilnih zeliščih in pokazala novo drčo z njene podstrehe. Z malce sreče boste srečali tudi Bedanca, ki je letos po pripovedovanju sodnika Vitranca postavil ducat novih izjemno nevarnih in prepovedanih pasti. Brincelj vas komaj čaka, da vam pove, kako je ukanil besnega Bedanca. Otroci bodo navdušeni, zato jim privoščite malo sanjskega sveta in nepozaben izlet.;https://www.julijana.info/sl/aktivnosti/letne/kekceva-dezela;Ne;Ne;Da;Da;https://www.izletko.si/media/k2/items/cache/b1d237aad44a95e3871fc116e6241517_XL.jpg
67;Labirint Bled;Gorenjska;Labirint Bled je zabavno poučni park, sestavljen iz poljskega, gozdnega in travniškega labirinta in je kot takšen edinstven na celem svetu. V parku so informativne in interaktivne točke, ki vas pripravijo, da aktivno sodelujete pri spoznavanju narave, ki jo spoznate na zabaven in didaktičen način. Preko nekaterih interaktivnih točk spoznavate tudi sebe, saj izboljšujete orientacijo, kreativnost ali spoznavate izgled gozda v pogledu optične iluzije. Vsebine so namenjene tako otrokom kot odraslim obiskovalcem, zato je to nepozaben izlet za vso družino.;https://www.izletko.si/kam-na-izlet/gorenjska/labirint-bled.html;Ne;Ne;Da;Da;https://www.izletko.si/media/k2/items/cache/5288462d048e0d3f60f64bb84cff6df4_XL.jpg
68;Lectarski muzej;Gorenjska;V kleti gostilne Lectar v Radovljici vas bo očarala pristna delavnica lectovih srčkov in drugih izdelkov iz medenega kruha. Tamkajšnja lectarija je živi muzej, v katerem si lahko ogledate način izdelovanja teh tradicionalnih slovenskih darilc. Privoščite si prav poseben izlet in jo obiščite.;https://www.radolca.si/sl/znamenitosti/muzeji-in-galerije/muzej-lectar-radovljica;Da;Ne;Da;Ne;https://www.radolca.si/media/SlikeIT/Novice/Radovljica_culture_lectar_museum_tradition_Bled_Slovenia_Julian_Alps_gingerbread_workshop_r.jpg
69;Ranč Mrcina;Gorenjska;Na ranču imajo Islandske konje, ki slovijo po peterohodnosti, prijaznem značaju in obenem živahnem temperamentu, vzdržljivosti in robustnosti,  njihova imenitnost je tudi barvita in gosta dlaka. Poleg terenskega jahanja nudijo šolo jahanja, jahanje za začetnike ter izkušene jahače. Najmlajše jahače pa peljejo po maneži ali krajši sprehod v naravo v spremstvu vodnika. Ranč je odprt celo leto, tako da je možno jahati kadarkoli. V zimskem času popestrijo ponudbo z vožnjo s sanmi in adrenalinsko atrakcijo Ski jöring oz. vleko na smučeh. Nudijo vam vožnjo s kočijo ali »lojtrnikom«, kjer se lahko peljejo 3 osebe. Peljejo vas lahko do Bohinjskega jezera. Lahko pa se peljete tudi s kmečkim vozom za več oseb naenkrat in podoživite nekaj kmečkega duha. Ponujajo tudi prenočišča. Nepozaben izlet na Gorenjsko. ;https://ranc-mrcina.com/;Da;Da;Da;Da;https://ranc-mrcina.com/wp-content/uploads/2021/09/ranc_mrcina-10.jpg
70;Rovi pod starim Kranjem;Gorenjska;Rovi pod starim Kranjem so ena največjih turističnih zanimivosti Kranja. Mesto Kranj skriva številne umetne podzemeljske objekte, med drugim tudi staro mestno zaklonišče. V 1.300 metrov dolgih rovih lahko občudujete čisto prave kapnike in zanimive jamske živali. Najpogostejši vrsti sta jamska kobilica in pajek jamska meta. Zanimivi, čeprav redki prebivalci pa so tudi netopirji. V rovih si lahko ogledate tudi razstavo, ki podrobneje predstavlja kranjsko podzemlje in rove pod starim Kranjem. Na ogled je razstava mineralov in fosilov, rekonstruirano zaklonišče iz 2. sv. vojne in simulacija letalskega napada. Celo leto pa se v rovih odvijajo različni dogodki: Vinska pot v rovih pod starim Kranjem, Noč čarovnic za otroke, Noč čarovnic za odrasle in drugi manjši dogodki. ;https://www.visitkranj.com/rovi-pod-starim-kranjem;Ne;Ne;Da;Ne;https://www.visitkranj.com/files/Kulturne-znamenitosti/Dogajanje-v-Rovih-pod-starim-Kranjem.jpg
71;Rudarski muzej Zagorje;Zasavska;Leta 1995 je bila strojnica jaška rudnika Loke pri Kisovcu spremenjena v manjši rudarski muzej, 20 let kasneje pa je muzej dobil podobo, kakršno si zasluži. Fotografsko in dokumentarno gradivo ter različna orodja in pripomočki prikazujejo zgodovino rudarjenja in posamezne izseke iz dela rudarjev. Zgodba o rudarjenju v občini Zagorje ob Savi je dolga več kot 250 let ter polna zanimivih dejstev ter spominov, ki jih nosijo upokojeni rudarji ter njihove družine. Rudarski muzej Zagorje vam ponuja delček zanimive zgodovine časa, ki ga je Zagorje doživelo in ga kot rudarsko središče vrisalo na zemljevid Evrope. SREČNO!;https://rudarski-muzej-zagorje.si/;Ne;Ne;Da;Ne;https://www.izletko.si/media/k2/items/cache/821ee19c73076a9074fe1f4f0b493d5a_XL.jpg
72;Ajdovska jama;Posavska;Ajdovska jama, kot eno najstarejših arheoloških najdišč v Sloveniji, skriva zgodbe izpred 6000 let, ki so zanimive tako mladim kot starim. To so zgodbe o začetkih kmetovanja in živinoreje, začetkih stalnega naseljevanja in o verovanjih v moč Narave, posmrtno življenje in bajna bitja. Del zgodb Ajdovske jame so tudi netopirji, ki skozi toplejši del leta domujejo v njej, zaradi njih pa je Ajdovska jama spoznana kot naravna vrednota in je tudi del varstvenega območja Natura 2000.;http://www.ajdovska-jama.si/;Ne;Ne;Da;Ne;http://www.ajdovska-jama.si/wp-content/uploads/2019/06/slide1a.jpg
73;Banova domačija;Posavska;Banova domačija se nahaja v vasi Artiče in datira okoli leta 1780. Gospodarsko poslopje je sestavljeno iz petih delov, zgrajenih v daljših časovnih zamikih. Zato je ta domačija z vidika etnologije edinstven in originalen primer zgodovinske, arhitekturne in kulturne dediščine teh krajev. Zbrano in razstavljeno je že preko 400 raznih orodij, ki omogočajo izvirne predstavitve delovnih običajev iz preteklosti. ;https://www.artice.si/banova-domacija.html;Ne;Ne;Da;Ne;https://www.discoverbrezice.com/images/provider/banova-domacija-1841.jpg
74;Kostanjevica na Krki;Posavska;Kostanjevica na Krki je najmanjše in eno najstarejših slovenskih mest, hkrati pa najstarejše na Dolenjskem. Je pravi čudež narave in popolnoma upravičeno nosi polno ime Kostanjevica na Krki, saj se stari del mesta nahaja na otoku v meandru reke Krke. Mestna struktura z dvema paralelnima ulicama, se je ohranila vse do danes, ko je kraj razglašen za kulturni spomenik prve kategorije in v celoti zaščiten. Kostanjevica na Krki je živo mesto na otoku, s svojo bogato zgodovino, arhitekturo in lepoto privablja veliko obiskovalcev od blizu in daleč. Največ se jih odloči za ogled kulturne dediščine, in sicer Galerije Božidarja Jakca. Nepozaben je tudi ogled Kostanjeviške jame, ki je v celoti malo daljša od dveh kilometrov, za obiskovalce pa je urejenih 300 metrov poti, kjer je napeljana električna razsvetljava. Za ljubitelje prvinske narave je obvezen ogled Krakovskega gozd.;https://visitkostanjevica.si/kostanjevica-na-krki/;Da;Ne;Ne;Ne;https://aktivni.metropolitan.si/media/cache/upload/Photo/2016/11/24/ja-48_40_1-kostanjevica-iz-zraka_biggalleryimage.jpg
75;Raceland Krško;Posavska;Kartodrom Raceland se nahaja v Krškem, v neposredni blizini Nuklearne Elektrarne Krško. Pista je z vidika varnosti ena najvarnejših pist, saj so njene izletne cone v vseh zavojih preko predpisanih, za še večjo varnost, pa skrbijo peščene izletne cone. Dirkači so jo označili kot zelo tehnično, kar dokazuje tudi njena razgibanost saj poteka na cca 4m višinske razlike, kar je za karting prava redkost. Na lokaciji Racelanda se nahaja tudi poligon varne vožnje in Restavracija Adrenalina;https://karting.raceland.si/;Da;Ne;Da;Ne;https://posavje.com/wp-content/uploads/2019/07/Raceland-Untitled-1.jpg
76;Adrenalinsko sankališče Zlodejevo na Rogli;Savinjska;Zimsko letno sankališče Zlodejevo na Rogli je pravo adrenalinsko doživetje. Udobne sani so namenjene dvema osebama, lahko pa jih vozite tudi sami. Vožnja po 1.360 m dolgi vijugasti progi je zabavna, tudi kadar dežuje ali sneži. Srčni utrip se dvigne, a je strah odveč, saj zavore vedno zelo dobro delujejo. Hitrost vožnje je v vaših rokah, odločitev je torej vaša. Lahko se peljete počasi ali pa adrenalinsko hitro. Avantura se konča na nadmorski višini 1.340, od tam pa vas vlečnica, skupaj s sanmi, pripelje nazaj na vrh. Primerno je za otroke od 4. leta dalje.;https://www.rogla-pohorje.si/sl/obcuti/2019090313231515/adrenalinsko-sankalisce-zlodejevo/;Ne;Ne;Da;Ne;https://www.rogla.eu/si/imagelib/product-listing/zrece_rogla/Aktivnosti/rogla/poleti/zlodejevo_poletje_rogla4.jpg
77;Jelenov greben;Savinjska;"Na grebenu, pod skrivnostno Rudnico, le nekaj deset metrov nad samostanom z znamenito tretjo najstarejšo lekarno v Evropi, se že vrsto let dopolnjuje pestra turistična ponudba. Najprej vam nasproti pritečejo jeleni damjaki in mufloni, če pa so morda zadržani, jih prikliče gospodar z ljubkovalnim imenom: ""Pikaaaa, Pikiiii...."", kot poslastico pa dobijo še koruzo. Jelenjad se prosto giblje po okoli 8 hektarov velikem ograjenem gojišču. Na Jelenovem grebenu si lahko privoščite daljši oddih ali enodnevni družinski izlet, ki bo za otroke v družbi jelenov pravo doživetje. ";https://www.jelenov-greben.si/;Da;Da;Da;Da;https://www.jelenov-greben.si/wp-content/uploads/2021/05/Poroke.jpg
78;Kamp Menina;Savinjska;Kamp Menina v kraju Rečica ob Savinji. V vročih poletnih dneh za ohladitev poskrbi reka Savinja, lahko pa se okopate v jezeru znotraj kampa V kampu imajo tudi možnost najema mobilnih hišic in bungalovov, ki so odprti tudi v zimski sezoni, sicer pa kamp ponuja kar nekaj novosti: teraso gostilne, nove družinske kopalnice, veliko urejeno otroško igrišče ter igrišče za mini golf, plezalno steno in mini adrenalinski park. V poletnem času za otroke organizirajo celodnevno animacijo in varstvo. ;https://campingmenina.com/sl/;Da;Da;Da;Da;https://visitsavinjska.com/wp-content/uploads/2019/05/Kamp_Menina-1-1500x500.jpg
79;Mini ranč Šempeter;Savinjska;Mini ranč Šempeter je odprt skozi vse leto, obisk pa je možen po dogovoru. Ranč ponuja mini zoo, kjer obiskovalci lahko vidijo veliko vrst živali (mini prašičke, mini ovčke, mini koze, mini pujske, račke, kokoši, konje, nosatega medvedka in rakuna)  jih hranijo in se z njimi tudi pocrkljajo. Otroci lahko jezdijo ponije, jih hranijo in negujejo ter se peljejo z vprego, pozimi pa je možna še vožnja s sanmi. Na mini ranču organizirajo tudi zanimive rojstne dneve za otroke od 4-12 let, ki potekajo v naravi, v primeru slabega vremena pa se odvijajo različne delavnice pod kozolcem. Možen je tudi ogled muzeja kmečke opreme. ;http://www.miniranc-sempeter.si/;Ne;Ne;Da;Da;https://td-sempeter.si/wp-content/uploads/2017/12/20150702_101623.jpg
80;Mini ZOO Land;Savinjska;Mini ZOO Land je zanimiv družinski izlet v Slovenskih Konjicah, kjer si lahko ogledate razna tematska prizorišča: tropski gozd, izgubljeni otok, akvarij, avstralsko pokrajino, divji zahod, pravo gusarsko ladjo, kmečko dvorišče. Najmlajše čakajo tudi tobogani, peskovniki, spust po vrvi, vožnja z visečo železnico. Otroci lahko tudi jahajo ponija. Obiskovalce bo ob prihodu prijazno nagovoril govoreči Ara papagaj Jaka.;https://minizoo.si/;Ne;Ne;Da;Da;https://minizoo.si/wp-content/uploads/2018/05/mini_zoo_land_lokacija-1.jpg
81;Muzej motociklov Grom;Savinjska;Muzej motociklov Vransko nudi eno izmed največjih in najpestrejših zbirk motociklistične zgodovine na svetu. Poleg izdelave, tekmovanj in vojaških motociklov si lahko ogledate tudi muzejsko delavnico, v kateri motocikle restavrirajo in jih obnovijo tako, da izgledajo kot novi. Otroci uživajo ob pogledu v svet zgodovine, ki jim je neznan, zato je to prava odločitev za popestren izlet v sončnem ali deževnem dnevu.;https://www.muzej-motociklov.com/;Ne;Ne;Da;Ne;https://thumbs.geago.si/data/RecordFieldThumbnail.ashx?ProfileID=Luizem@Luz&rid=31462@lay_images&size=1280,0&FieldID=Data&offsetField=ThumbnailOffset&centerOffset=0
82;Rimske Terme;Savinjska;Rimske terme s številnimi bazeni in savnami v rimskem slogu privabljajo vse generacije. V različnih kopelih se lahko razvajate kot bogovi, po katerih se kopeli imenujejo. Za dodatno razvajanje so tukaj še masaže, wellness in maske. Izlet za razvajanje s stilom torej, za vso družino.;https://www.rimske-terme.si/;Da;Da;Da;Da;https://scontent-vie1-1.xx.fbcdn.net/v/t1.6435-9/194793570_3965843496797085_4521669151318723013_n.jpg?stp=dst-jpg_s960x960&_nc_cat=110&ccb=1-5&_nc_sid=e3f864&_nc_ohc=epISGjc5HOMAX8781ok&_nc_ht=scontent-vie1-1.xx&oh=00_AT8UgKl1MCMihW52t30w9PpffKhcozHM7KUCP-expnN-zQ&oe=62550CD0
83;Termalni park Aqualuna in Terme Olimija;Savinjska;Termalni park Aqualuna navdušuje s prijetnim valovalnim bazenom, sprostitvenim masažnim bazenom, pristajalnim bazenom z devetimi tobogani, mlako z dvema tobogančkoma z vznemirljivimi vodnimi drčami, stezami za spuste hitrosti in divjimi zavoji. Vaši otroci bodo navdušeni nad atraktivno Aquajunglo, ki ponuja valovito kačo, krokodil, otok opic, kočo s tobogani, palmo s špricajočimi kokosi in druge zanimivosti. Poleg adrenalinskih doživetij so tu še Terme Orhidelia, Spa Amala, Terme Tuhelj in Spa Armonija, ter fitnes centri in centri zdravja. Čaka vas pa še kulinarično doživetje v restavracijah.;https://www.terme-olimia.com/;Da;Da;Da;Da;https://www.terme-olimia.com/images/default-source/thermal-park-aqualuna/thermal-park-aqualuna-1920x1080/thermal-park-aqualuna-terme-olimia-241.jpg?sfvrsn=2b2a0a69_8
84;Dežela škratov;Koroška;Dežela škratov leži v bližini Slovenj Gradca. Pot, ki poteka po gozdni učni poti do Rahtelovega vrha, kjer vstopite v deželo škratov, je dolga dva kilometra. Pri vhodu vas bo pričakal pravi škrat (ali škratica), ki vas bo popeljal na ogled bajeslovnih bitij v škratov gozd. Od žitnih škratov v kašči preko povodnega moža pri ribniku do ajdovske deklice in mimo rudnika do vil. Nazaj grede boste videli tudi škopnika, pri babici pa boste prisluhnili zgodbam iz starih časov. Ob koncu gozda vas bo pričakala pa še divja jaga z divjimi psi. Po ogledu gozda vas bo  škrat peljal še čez travnik do čarovnice Zofke, ki vam bo dala pokusiti tudi njen veleznani črvov sirup. Za konec vas bo škrat sprejel tudi v škratovo druščino. ;https://www.facebook.com/skratovdezela/;Ne;Ne;Da;Da;https://images.koroskenovice.si/wp-content/uploads/2019/10/05220943/IMG_20191005_1217071-660x365.jpg
85;Paučkove partizanske bolnišnice;Koroška;Paučkove partizanske bolnišnice so skupno ime za šest preprostih, skrivnih partizanskih bolnišničnih kompleksov, ki jih je na zahodnem Pohorju s pomočjo domačih aktivistov in sodelavcev OF ter partizanov iz enot, ki so bili dodeljeni partizanski saniteti, od aprila 1944 do konca vojne zgradil partizanski zdravnik dr. Ivan Kopač – Pauček (1916 – 1988). V njih se je zdravilo okrog 300 partizanskih ranjencev, med njimi so bili tudi pripadniki zavezniških formacij. Kljub močnim postojankam v dolini in navzlic številnim preiskavam terena okupacijskim silam bolnišnic nikoli ni uspelo odkriti. ;https://www.kpm.si/publikacije/pauckove-partizanske-bolnisnice-bolnisnica-trska-gorazlozenka/;Ne;Ne;Da;Ne;https://www.izletko.si/media/k2/items/cache/d6e7bc44feb1613d041d5385e5745b10_XL.jpg
86;Grad Ravne;Koroška;Grad Ravne stoji na prodnati terasi nad mestnim jedrom in je star že okoli petsto let. Današnji grad razkazuje neobaročni videz, po zadnji predelavi iz 19. stoletja, sicer pa je stilno neenotna arhitektura rezultat številnih prezidav od pozne gotike do danes. V njem domuje Koroška osrednja knjižnica dr. Franca Sušnika. V grajskih prostorih je ohranjen izjemen fond slikarske dediščine - rezultat likovnih kolonij od leta 1969 dalje. Galerija prireja redne razstave umetniških del in predstavlja alternativne programe pod okriljem ravenskega muzeja, ki ima v njem stalne zbirke iz zgodovine kraja in Mežiške doline. ;http://www.tic-ravne.si/Znamenitosti/Arhitekturne-etnolo%C5%A1ke/ArtMID/427/ArticleID/25/Grad-Ravne;Ne;Ne;Da;Ne;https://gradovislovenije.si/wp-content/uploads/2018/05/grad_ravne35.jpg
87;Ribniško Pohorje;Koroška;Ribniško Pohorje spomladi in poleti vabi na družinski izlet v naravi, kjer se je možno sprehoditi po več poteh (Ovčja pot, Gozdna učna pot Kapelvald, pot do koče na Pesniku, Pot na Kope idr.), pozimi pa se prelevi v smučarke proge za bolj in manj zahtevne smučarje. Na izbiro je višje smučišče Ribniška koča ali nižje smučišče Ribnica na Pohorju. Takrat so urejene tudi proge za tek na smučeh.;https://www.ribnisko-pohorje.si/;Ne;Da;Ne;Ne;https://www.druzinski-izleti.si/images/artikli/big/000001/20190502_132333.jpg
88;Antonijev rov;Goriška;V Antonijevem rovu lahko doživite skrivnostno podzemlje – morda srečate celo jamskega škrata Perkmandlca! Če želite spoznati drugi največji živosrebrovi rudnik na svetu, se odpravite na družinski izlet v Idrijo. Tu boste spoznali težko delo rudarjev, dragoceno cinabaritno rudo, kapljice živega srebra in si ogledali edinstveno podzemno kapelo. Oglejte si prikaz starih načinov rudarjenja: ročnega odkopavanja, nakladanja in prevažanja rude v vozičkih. Vsa dela so prikazana z originalnimi orodji, kopijami starih orodij in lutkami. ;http://www.cudhg-idrija.si/antonijev-rov/;Ne;Ne;Da;Ne;http://www.cudhg-idrija.si/wp-content/uploads/2018/03/Antonijev_Rov_2017_30.jpg
89;Bovec Šport center;Goriška;Bovec Šport center je družinska športna agencija, s pestro ponudbo aktivnosti v dolini Soče. Rafting je zagotovo ena najboljših dogodivščin na reki Soči, ki je primeren za plavalce od 6. leta dalje. Ponujajo tudi izvrstno zabavo na dveh kolesih prav posebne sorte! To so spusti z gorskimi skiroji, kjer se lahko tudi najmlajši podajo na bovško avanturo in skupaj s starši uživajo na lepi panoramski vožnji s Kanina. Bovec šport center je unikatno doživetje za celo družino! ;https://bovec-sc.si/;Ne;Ne;Da;Ne;https://www.soca-river.com/slike/bovec-sport-center/820x550/bovec-sport-center-01.jpg
90;Domačija pisatelja Franceta Bevka;Goriška;Vas Zakojca (710 m) je rojstni kraj pisatelja Franceta Bevka (1890–1970). Volarjeva domačija (Zakojca 10), v kateri je pisatelj France Bevk preživljal otroštvo in rano mladost, stoji v bregu pod vasjo. V hiši je več avtentično prezentiranih prostorov. Podstrešje je preurejeno v velik razstavni prostor, kjer je z dokumenti, fotografijami, knjigami in predmeti prikazano pisateljevo življenje in delo. France Bevk je predstavljen kot pisatelj, publicist, politični in kulturni delavec. ;https://www.muzej-idrija-cerkno.si/lokacija/domacija-pisatelja-franceta-bevka/;Ne;Ne;Da;Ne;https://www.muzej-idrija-cerkno.si/wp-content/uploads/2018/07/seniori-1-1.jpg
91;E-hiša;Goriška;Novogoriška hiša poskusov je eksperimentalno-izobraževalni center, v katerem so zbrani poskusi, ki izpostavljajo naravo znanstvenih pojavov. Z interaktivnimi poskusi, delavnicami, eksperimentalnicami, tečaji robotike, rojstnimi dnevi v e-Hiši in s festivalom znanosti spodbujamo učenje z izkušnjo. Je eksperimentalno doživetje za vso družino, zato je zanimiv družinski izlet. Učenje na tak način je zabavno in prijetno ter še posebej primerno za najmlajše. Obisk e-Hiše popestri doživetje Nove Gorice.;https://www.e-hisa.si/;Ne;Ne;Da;Da;https://www.izletko.si/media/k2/items/cache/e9c724eeb5636d1c1c1a2c2e85d40377_XL.jpg
92;Partizanska bolnica Franja;Goriška;Partizanska bolnica Franja je po drugi svetovni vojni postala simbol partizanskega gibanja in njegove dobro organizirane zdravstvene dejavnosti. Partizanska bolnica Franja je kulturni spomenik državnega pomena, vpisana je na Poskusni seznam svetovne dediščine pri UNESCO in nosi Znak evropske dediščine. ;https://www.muzej-idrija-cerkno.si/lokacija/partizanska-bolnica-franja/;Ne;Ne;Da;Ne;https://www.muzej-idrija-cerkno.si/wp-content/uploads/2018/07/bolnica-franja-2.jpg
93;Samostan Kostanjevica;Goriška;V neposredni bližini mestnega središča Nove Gorice, na 143 m visokem griču na Kostanjevici, se nahaja cerkev Gospodovega oznanjenja Mariji in k njej prizidan frančiškanski samostan. Na Kapeli, kot temu kraju pravijo domačini, stoji staro božjepotno svetišče s pestro zgodovino in bogatimi zakladi preteklosti.  Za Kostanjevico že 180 let skrbijo očetje frančiškani. Je duhovno središče, spomenik sakralne umetnosti ter zgodovinski in kulturni spomenik (grobnica zadnjih pripadnikov francoske kraljeve dinastije Burbonov in bogata samostanska knjižnica). ;https://www.samostan-kostanjevica.si/;Ne;Ne;Da;Ne;https://www.mirenkras.si/img/w800-h500-c800x500/upload/gallery/124/mirko-bijuklic-samostan-kostanjevica.jpg
94;Soča fun park;Goriška;Ste za pustolovščino, šport in zabavo v naravi? V pustolovskem paru Soča Fun Park vas pričakujejo s petimi progami v prijetni senci med krošnjami dreves. Zahtevnost je prilagojena za različne starostne skupine. Soča Fun Park ni le kraj za zabavo, ampak kraj za druženje v naravi in prostor za spoznavanje novih prijateljev.;https://socafunpark.si/sl/;Da;Ne;Da;Da;https://socafunpark.si/wp-content/uploads/slider-1-1920x650.jpg
95;Trdnjava Kluže;Goriška;Trdnjava Kluže se nahaja pri Bovcu. Spada med mogočne in zanimive trdnjavske objekte. V notranjosti trdnjave je predstavljena zgodovina trdnjave in njene okolice, manjša turistična pisarna, poročna dvorana in lokalna slikarska galerija. V njej redno uprizarjajo igre vojakov, ki so v uniformah in z opremo iz obdobja prve svetovne vojne. Pod trdnjavo v smeri proti Bovcu, lahko vidite grajski vodnjak iz leta 1670, ki je izklesan v skalovje. V njega se je stekala deževnica.;https://www.soca-valley.com/sl/iskanje-dogodivscin/kultura/2021010610355699/trdnjava-kluze-in-fort-hermann/;Ne;Ne;Da;Ne;https://www.soca-valley.com/img/20210106111932/min/Klu__e_-Jure-Batagelj-arhiv-Fundacije-Poti-miru-spr.jpg?m=1614687968
96;Kobariški muzej;Goriška;Kobariški muzej je središče predstavljanja dediščine soške fronte v slovenskem, evropskem in svetovnem merilu. Enkratni prikazi bojevanja in življenja med vojno, eksponati, bogato fotografsko gradivo in multivizijska projekcija pripovedujejo tankočutno zgodbo težkih in krvavih dni ob reki Soči, ki sta se jih spominjala tudi slavni osebnosti Ernest Hemingway in Erwin Rommel.  Posebej izpostavljena je 12. soška bitka, čudež pri Kobaridu, ki je med ljubitelji vojaške zgodovine poznana kot najuspešnejša prebojna operacija v času prve svetovne vojne.  ;https://www.kobariski-muzej.si/;Ne;Ne;Da;Ne;https://www.kobariski-muzej.si/img/2020102613593362/mid/Vhodna-avla.jpg
97;Tolminska korita;Goriška;Tolminska korita so najbolj južna vstopna točka v Triglavski narodni park, ki je edini slovenski narodni park. So najpomembnejša naravna znamenitost. Krožna pot vodi do sotočja Zadlaščice in Tolminke, od tod pa do Medvedove glave, po cesti Zatolmin – Čadrg pa do vhoda v Dantejevo ali Zadlaško jamo. Vračate se po cesti in prečkate Hudičev most. Od tu je lep razgled na korita, ki jih je skozi stoletja izoblikovala reka Tolminka.;https://www.soca-valley.com/sl/predstavitev-znamenitosti/tolminska-korita/;Ne;Ne;Da;Ne;https://www.tnp.si/assets/Aktivnosti/pohodnistvo/_resampled/FillWyIxMTYwIiwiNTcwIl0/tolminska-korita-1.jpg
98;Aquapark Žusterna;Obalno-kraška;Bazenski kompleks Aquapark Hotela Žusterna je odprt vse dni v letu in nudi pestro izbiro vodnih užitkov. Razvajate se lahko v zunanjih bazenih vodnega parka Aquapark Žusterna s čudovitim pogledom na morje in staro mestno jedro Kopra. Medtem ko najmlajši uživajo v otroškem bazenu z igrali, se lahko starši sproščate v edinstvenih rimsko-irskih kopelih, v masažnem bazenu s podvodnimi masažami ali zaplavate v bazenu z valovi. Tudi v pokritem delu Aquaparka je poskrbljeno za otroke, ki se lahko predajajo igri v bazenu z igrali, rekreativcem pa je namenjen športni bazen z ogrevano slano vodo. Najmlajše poleg različnih vodnih atrakcij zabava tudi klovn Berni, maskota hotela Žusterna.;https://www.terme-catez.si/si/obala/aquapark-zusterna;Da;Da;Da;Da;https://cf.bstatic.com/xdata/images/hotel/max1024x768/12549595.jpg?k=623db928ac199430e007f374a9d0b98c2221a072c38d2f00b42ac87ec36ad579&o=&hp=1
99;Aquarium Piran;Obalno-kraška;Akvarij Piran kljub majhnosti skriva presenetljivo število raznolikih živali, ki jih srečamo v prav tako majhnem slovenskem morju. Pričakalo vas bo okoli 140 različnih vrst organizmov, med katerimi so seveda številčno najbolj zastopane ribe. Seveda je tu še par dolgonosih morskih konjičkov, navadni morski psi, morska mačka in balestra. K barvitosti in razgibanosti akvarijev vsekakor prispevajo tudi številne vrste spužev, ožigalkarjev in predvsem iglokožcev, kot so morske zvezde, kumare, ježki in kačjerepi. ;http://aquariumpiran.si/;Ne;Ne;Da;Da;https://www.naravniparkislovenije.si/knjiznica/zanimivosti/centri-o-naravi/velike/akvarij-piran1.jpg
100;Botanični vrt Sežana;Obalno-kraška;Sežanski botanični park se nahaja v samem središču Sežane. Razteza se na površini enega hektarja ter je zaščiten kot hortikulturni spomenik. V parku je več 100 različnih vrst eksotičnih lončnic in 198 lesnatih vrst. Ogledamo si lahko lesnate rastline iz različnih predelov sveta. Do si obiskovalci lahko ogledajo tudi Naravoslovni muzej, kjer nudijo naslednje zanimivosti: multivizija o parku v multimedijskem prostoru, razstava Drevesa Krasa, Geološka zbirka, Dendrološka zbirka, arheološka zbirka, zbirka Minerali v slovenskih kraških jamah, zbirka Dinozavri s Kozine, ogled fotografske razstave parka iz časa družine Scaramanga ter rastlin parka. ;https://www.vrtsezana.si/;Ne;Ne;Da;Ne;https://www.mirenkras.si/img/w800-h500-c800x500/upload/gallery/128/botanicni_vrt_sezana_jost_gantar-67-m.jpg
101;Center eksperimentov Koper;Obalno-kraška;Center eksperimentov Koper je izkustveni center, kjer si obiskovalci nabirajo spoznanja s področja naravoslovja na zanimiv in zabaven način. Izvajajo delavnice za otroke in mlade, predavanja, razstave. ;http://www.centereksperimentov.si/;Ne;Ne;Da;Da;https://www.centereksperimentov.si/wp-content/blogs.dir/6177/files/novice/94d43e327d9303539cb1e2aac7032668_xl.jpg
102;Kobilarna Lipica;Obalno-kraška;V Kobilarni Lipica so pripravili povsem nove otroške programe, prilagojene njihovi starosti in neizmerni radovednosti. Izkušeni vodniki bodo otrokom predstavili ponije in lipicance ter jim razložili, kako se konjički sporazumevajo med sabo in kako z njimi pravilno ravnati. Otroški in družinski programi vključujejo jahanje ponijev, rojstnodnevne zabave v družbi lipicancev in ponijev ter poletne izlete in počitnice, na katerih se otroci zaljubijo v te plemenite živali! Sprehodite se po kobilarni v družbi prijaznega vodnika ali pa doživite Lipico med samostojnim ogledom, s pomočjo mobilne aplikacije Vodnik po Lipici. ;https://www.lipica.org/sl/;Ne;Ne;Da;Da;https://www.druzinski-izleti.si/images/artikli/big/000004/Oliwia-Chmielewska-7.jpg
103;Krajinski park Sečoveljske soline;Obalno-kraška;Krajinski park Sečoveljske soline odstira stoletno tradicijo pridelave soli. Zaradi arhitekturnih in zgodovinskih posebnosti ter izjemne rastlinske in živalske pestrosti je danes zavarovano kot krajinski park in kulturni spomenik. Obiskovalci si lahko ogledajo postopek pridelave soli, ki sicer traja skoraj vse leto, najbolj zanimivo pa je med junijem in septembrom, ko se kristali soli izločajo iz zgoščene slanice.;https://www.kpss.si/o-parku;Ne;Ne;Da;Ne;https://www.kpss.si/si/image/medium/1824
104;Debeli rtič;Obalno-kraška;Debeli rtič leži na enem izmed najlepših kotičkov slovenske obale - tik ob morju. Slovi kot prvovrstno letno obmorsko klimatsko zdravilišče. Blagodejne učinke klime in morja preizkušajo otroci, mladostniki in vsi, ki si želijo aktivnega oddiha v zeleni oazi miru in neokrnjene narave. Ponujajo razne notranje in zunanje športne aktivnosti. ;https://www.zdravilisce-debelirtic.si/;Da;Da;Da;Da;https://redcross.eu/uploads/files/Projects/Debeli%20Rtic/Debeli%20Rtic%20720%20x%20436%20pxl.jpg
105;Muzej podvodnih dejavnosti Piran;Obalno-kraška;V Muzeju podvodnih dejavnosti v Piranu si boste lahko ogledali prikaze potapljanja od njegovih začetkov pa do danes. Seznanili se boste s potapljanjem v skafandrih, o potapljaških nesrečah, s športnim potapljanjem, potapljanjem v vojnih mornaricah, reševanjem iz potopljenih podmornic, delovanjem podmornic, podvodnimi fotografijami itd. Predmeti, fotografije in ostalo gradivo vam bodo pričarali življenje starih potapljačev in podmorničarjev ter njihov skrivnostni podvodni svet, ki jih je obdajal pri nevarnem in težaškem delu, pri raziskovanju podvodnih globin ali zabavi. ;http://www.muzejpodvodnihdejavnosti.si/sl/;Ne;Ne;Da;Ne;https://old.delo.si/images/slike/picture/20140618/o_Sl-dopisnistvo-djvu-685563-hires-jpeg0_1024.jpg
106;Škocjanske jame;Obalno-kraška;Škocjanske jame zavzemajo s prostornostjo dvoran in podzemne soteske posebno mesto med več kot osem tisoč jamami v Sloveniji. Sestavlja jih splet enajstih jam, udornic, ponorov, naravnih mostov. Jame lepšajo številni raznobarvni in orjaški kapniki različnih oblik, orgle in prelepe ponvice. Skozi Škocjanske jame teče reka Reka, ki daje celotnemu spletu poseben pečat.;https://www.park-skocjanske-jame.si/;Ne;Ne;Da;Ne;https://www.park-skocjanske-jame.si/si/image/original/3335/spletna_mala.jpg
108;Štanjel;Obalno-kraška;Štanjel je eno najstarejših naselij na Krasu in idilična utrjena kraška vas, v kateri so mnogi puščali svoje sledi: Rimljani, Turki, Benečani, Habsburžani in drugi. Štanjelski grad je bil sezidan že v srednjem veku. V vasi lahko občudujete Ferrarijev vrt, Cerkev sv. Danijela, ki je bila zgrajena v sredini 15. stoletja in je eden izmed ključnih spomenikov gotske arhitekture na Krasu, kraško hišo, v kateri je urejena etnološka zbirka ter še in še.;https://www.visitstanjel.si/;Da;Da;Da;Ne;https://www.visitstanjel.si/upload/gallery/21/zakaj-v-stanjel_edinstven-ferrarijev-vrt.jpg
109;Tartinijev trg, Piran;Obalno-kraška;Piran je čudovito staro pristaniško mesto v Slovenski Istri. Mesto je ohranilo srednjeveško zasnovo z ozkimi ulicami in tesno stisnjenimi hišami, ki mu dajajo poseben čar. Tartinijev trg je središče Pirana in največji trg. Začnite dan z najboljšo kavico tik ob morju, podajte se v odkrivanje številnih kulturnih znamenitosti, naužijte se morskih valov ter dan zaključite s sprehodom po ozkih tlakovanih ulicah vse do enega najlepših razgledov z vrha piranskega obzidja. ;https://www.portoroz.si/si/odkrij/piran/znamenitosti/4467-object-tartinijev-trg;Da;Da;Ne;Ne;https://www.portoroz.si/si/imagelib/full/default/2017/znamenitosti/piran/Piran_trg_tartini_mrak.jpg
110;Izola;Obalno-kraška;Izola vse leto obljublja široko paleto nepozabnih doživetij. Privoščite si sprehod ob morju in se naužijte svežine morskega zraka. Mrzla zimska jutra so tam še posebej čarobna, saj lahko takrat občudujete zasnežene Alpe v pastelnih odtenkih. Na potep kličejo tudi prekrasne vasice istrskega podeželja, ki vabijo s čudovitimi razgledi in številnimi pohodnimi in kolesarskimi potmi ter odlično kulinariko. Morje ne ponuja le poletne zabave, temveč je tudi jeseni in spomladi pravi raj za ljubitelje vodnih športov, na voljo pa so tudi zanimiva doživetja na ladji. Za otroke poskrbi izolski muzej Izolana – hiša morja, ki zanje organizira lov na skriti zaklad, kjer se spoznajo z izolsko zgodovino in zanimivimi Izolani. ;https://www.visitizola.com/;Da;Da;Ne;Da;https://media-cdn.tripadvisor.com/media/photo-s/05/fa/72/8d/izola.jpg
111;Cerkniško jezero;Primorsko-notranjska;Presihajoče Cerkniško jezero je velika svetovna atrakcija in odlična izbira za družinski izlet. Kadar je jezero polno vode, ga zlahka najdete, saj meri do 29 km? in je največje v Sloveniji. Na svetu morda ni jezera, ki bi ponujalo toliko različnih vtisov kakor ravno Cerkniško jezero. Na njem lahko opazujete ptice, preizkušate svojo ribiško srečo, lovite ravnotežje na zamrznjenih ledenih ploskvah, zaužijete lepoto sončnega vzhoda in še bi lahko naštevali. Vendar pa se rado tudi zgodi, da stojite na jezeru in ga ne vidite. Takrat se razkrijejo s pisanim cvetjem posejani mokrotni travniki in osupljivi požiralniki. ;https://www.notranjski-park.si/;Ne;Ne;Ne;Ne;https://www.notranjski-park.si/upload/filemanager/content-images/tinymce-galerija-26085950/cerknisko-jezero-polno_800x600.jpg
112;Grad Snežnik;Primorsko-notranjska;Grad Snežnik, beli grad, obdan z velikim parkom z drevoredi in jasami, se tiho zrcali v izvirski vodi ribnika z racami mlakaricami, kleni in potočnimi postrvmi. Sprehod skozi štiri grajske etaže nam pričara vzdušje izpred stotih in več let, saj so grajske sobe še vedno opremljene s pristnim pohištvom in drugo opremo iz druge polovice 19. stoletja. Posebnost muzejskega gradu Snežnik je soba v egipčanskem slogu iz začetka 20. stoletja.  Okolica je očarljiva v vseh letnih časih, tudi pozimi. ;https://www.nms.si/si/nacrtujte-obisk/kje-smo/grad-sneznik;Ne;Ne;Da;Ne;https://siol.net/media/img/64/6a/b89dbb23186a46933174-grad-sneznik.jpeg
113;Izletniška kmetija Kontrabantar;Primorsko-notranjska;Izletniška kmetija Kotrabantar leži v bližini Cerkniškega jezera, zato vas lahko gospodar z lojtrnikom, kočijo ali sanmi popelje do jezera ali okoli njega, v poletnem času pa si lahko privoščite tudi piknik pod kozolcem in prenočitev na seniku. Na voljo so tudi pohodi s konji. ;http://www.danijela.si/;Da;Ne;Da;Da;http://www.danijela.si/2.jpg
114;Križna jama;Primorsko-notranjska;Križna jama je svetovno znana kraška vodna jama, katere posebnost so številna podzemna jezera, izjemno najdišče kosti jamskih medvedov in pristna, naravna ohranjenost živali. Temperatura zraka v notranjosti je celo leto +8°C. Jama odvaja vodo iz južnega roba Bloške planote proti vzhodnemu obrobju Cerkniškega polja. Preko podzemnih jezer se preliva kristalno čista voda. Posebna atrakcija družinskega izleta: ogled kosti izumrlih jamskih medvedov, vožnja s čolnom po enem ali pa celo po trinajstih podzemnih jezerih. ;https://krizna-jama.si/;Ne;Ne;Da;Ne;https://lahkihnog-naokrog.si/wp-content/uploads/2021/05/slovenija-krizna-jama-Lahkih-nog-naokrog-%C2%A9-1.jpg
115;Naravoslovna učna pot Rakov Škocjan;Primorsko-notranjska;Naravoslovna pot je speljana po enkratni kraški dolini Rakov Škocjan in predstavlja naravne zanimivosti, kot so številni kraški izviri, dva naravna mostova, udornice, jame, pestro rastlinstvo in živalstvo ter kulturno dediščino ob Raku. Pot je opremljena s tablami s poučno vsebino - kar 16 vsebinskih točk. Dolžina poti je 3 km, za povratek potrebujete še dodatna 2,5 km. To je nepozaben izlet za vso družino! ;https://www.notranjski-park.si/obiskovanje/aktivnosti/pohodnistvo/ucna-pot-rakov-skocjan;Ne;Ne;Ne;Ne;https://www.notranjski-park.si/upload/filemanager/content-images/tinymce-galerija-94138012/rakov-skocjan-voda_800x600.jpg
116;Park vojaške zgodovine Pivka;Primorsko-notranjska;Park vojaške zgodovine Pivka je muzejsko doživljajsko središče, ki obiskovalcem ponuja edinstven vpogled v bogato vojaško-zgodovinsko dediščino strateško izjemno pomembnega območja današnje Slovenije. V Parku domuje ena največjih tankovsko-artilerijskih zbirk v tem delu Evrope. Poleg topov, tankov in številnih preostalih oklepnih vozil so razstavljeni tudi zanimivi eksponati iz časa slovenskega osamosvajanja, kot je na primer helikopter gazela TO-001 Velenje. Največ zanimanja pa med obiskovalci vsekakor vzbuja diverzantska podmornica P-913, ki si jo je moč ogledati tudi v notranjosti, ter tako spoznati in podoživeti skrivnostni svet podmorničarjev. ;https://www.parkvojaskezgodovine.si/;Ne;Ne;Da;Ne;https://www.casnik.si/wp-content/uploads/2018/04/P1015762-1024x768.jpg
117;Postojnska jama;Primorsko-notranjska;Svetovno znana Postojnska jama je atrakcija za celo družino in zmeraj nepozaben izlet. Nič manj kot po stalaktitih, stalagmitih, baldahinih in zavesah je jama znana po človeški ribici, okolica jame pa po Predjamskem gradu. Vožnja z vlakcem bo navdušila najmlajše!;https://www.postojnska-jama.eu/en/;Ne;Ne;Da;Ne;https://www.postojnska-jama.eu/assets/Uploads/images/PJ-2018-Adrenalinski-ogledi-paralaks-1.jpg
118;Predjamski grad;Primorsko-notranjska;Predjamski grad že več kot 700 let kraljuje v 123 m visoki skalni steni, mogočen, izzivalen in nepremagan. Pravšnje domovanje drznega, svojeglavega in upornega viteza Erazma Predjamskega iz 15. stoletja. Med zanimivejšimi deli gradu so bivanjski prostori, kapela in ječa, pri opremi pa prednjačijo nekateri kosi orožja, oljne slike in Piet? iz leta 1420. Iz grajske stavbe vodi mostovž do zavetja v duplini, kjer je v skalni steni opazovalnica s prelepim razgledom na okolico. Tu lahko vidite še vodnjak in vhod v legendarni Erazmov rov. ;https://www.postojnska-jama.eu/sl/predjamski-grad/;Ne;Ne;Da;Ne;https://upload.wikimedia.org/wikipedia/commons/thumb/5/5b/El_Castillo_de_Predjama.JPG/1200px-El_Castillo_de_Predjama.JPG
119;Pustolovski park Postojna;Primorsko-notranjska;Pustolovski park Postojna nudi imenitno lokacijo za super pustolovščino in zabavno preživljanje prostega časa. Zazibajte se kot opica na vrvi in splezajte na hlode. Med gozdnimi krošnjami boste lahko premagali 78 različnih zabavnih prepek. Otroci lahko v Pustolovskem parku Postojna praznujejo tudi svoj rojstni dan.;https://pustolovski-park-postojna.si/;Ne;Ne;Da;Da;https://notranjska.com/wp-content/uploads/2018/05/pustolovski-park-postojna-notranjska.com-1.jpg
